Model,MAE,RMSE
Linear Regression,131.85486726483038,209.484487765148
Random Forest,110.757238090023,179.85847797894132
XGBoost,104.06986236572266,180.11568548088752
